Ort Original,VET2018_t,i_category,AGS
"Dillingen, Saar",407136,metal_steel_primary,10044111
Mülheim an der Ruhr,53935,other_further,05117000
Bad Münstereifel,18639,other_further,05366004
Sehnde,654419,miner_cement,03241016
Oberharz am Brocken,179402,miner_chalk,15085228
Oberharz am Brocken,257226,miner_chalk,15085228
Oberharz am Brocken,40810,miner_chalk,15085228
Oberharz am Brocken,97226,miner_chalk,15085228
Saal a.d.Donau,296114,miner_chalk,09273166
Oberharz am Brocken,48840,miner_chalk,15085228
Halle (Westf.),9506,miner_chalk,05754012
Wanzleben,107887,other_further,15083531
Oberharz am Brocken,197078,miner_chalk,15085228
Meißner,49916,miner_chalk,06636008
Kalkar,45114,other_further,05154024
Mühlberg/Elbe,72412,other_further,12062341
Oberharz am Brocken,108815,miner_chalk,15085228
Köln,157478,miner_glas,05315000
Lauscha,87322,miner_glas,16072011
Tettau,5753,miner_glas,09476179
Steinbach a.Wald,78773,miner_glas,09476175
Osterweddingen,145985,miner_glas,15083490
Osterweddingen,125921,miner_glas,15083490
Tettau - Kleintettau,5529,miner_glas,09476179
Neuburg a. d. Donau,76769,miner_glas,09185149
"Fürstenzell, Markt",22588,miner_ceram,09275122
Puttenhausen,23759,miner_ceram,09178122
Vatersdorf,18471,miner_ceram,09274121
Zeilitzheim,5660,miner_ceram,09678150
Melle,11808,miner_ceram,03459024
Bollstedt,16371,miner_ceram,16064066
Neufahrn NB.,40157,miner_ceram,09274153
Neufahrn NB.,1388,miner_ceram,09274153
Neuburg a. d. Donau,4513,miner_ceram,09185149
Reetz,49223,miner_ceram,12070145
Puschwitz,6916,miner_ceram,14625460
Oberweikertshofen,17087,miner_ceram,09179117
Natrup Hagen,7165,miner_ceram,03459020
Wallenhorst Hollage,5135,miner_ceram,03459033
Westerkappeln - Velpe,6700,miner_ceram,05566092
Überlingen - Deisendorf,8976,miner_ceram,08435059
Warburg-Bonenburg,22014,miner_ceram,05762036
Kraichtal-Gochsheim,12065,miner_ceram,08215097
Münster - Hiltrup,9105,miner_ceram,05515000
Verbandsgemeinde Niedere Börde OT Groß Ammensleben,42839,miner_ceram,15083390
Alfter-Witterschlick,22443,miner_ceram,05382004
Natrup Hagen,4801,miner_ceram,03459020
Weinbergen / Höngeda,16285,miner_ceram,16064066
Ichenhausen-Autenried,10013,miner_ceram,09774143
Wertingen-Roggden,7895,miner_ceram,09773182
Schöpstal / OT Ebersbach,4692,miner_ceram,14626520
Eisenberg / Pfalz,7982,miner_ceram,07333019
Eisenberg / Pfalz,2210,miner_ceram,07333019
Klingenberg / Main,6072,miner_ceram,09676134
Hatzfeld/Eder,2802,other_paper,06635014
Kriebstein OT Kriebethal,68772,other_paper,14522300
Annweiler-Sarnstall,86062,other_paper,07337501
Arnsberg-Müschede,24100,other_paper,05958004
Marsberg Giershagen,24512,other_paper,05958024
Diemelstadt-Wrexen,80569,other_paper,06635008
Schleiden-Gemünd,2663,other_paper,05366036
Zülpich - Sinzenich,40521,other_paper,05366044
"Neu Kaliß, OT Heiddorf",6226,other_paper,13076103
Diemelstadt-Wrexen,445,other_paper,06635008
Brunnenthal,0,other_paper,09475141
Nidda - Oberschmitten,0,other_paper,06440016
Neuengönna / Porstendorf,0,other_paper,16074063
Lutherstadt Wittenberg,49946,chem_ammonia,15091375
Nidda - Oberschmitten,13801,other_paper,06440016
Wasserburg am Inn,86807,other_food,09187182
Mützel,10824,other_food,15086040
Werder/Havel,19661,other_further,12069656
Meschede - Grevenstein,10726,other_food,12069656
Biberach an der Riss,27902,chem_other,08426021
Addrup-Essen,41923,other_food,03453006
Heringen Werra,29428,chem_ammonia,06632009
Philippsthal/Werra,18931,chem_ammonia,06632016
Heringen/Werra,161052,chem_ammonia,06632009
Philippsthal/Werra,291379,chem_ammonia,06632016
Wachau OT Leppersdorf,13410,other_food,14625600
Leutkirch-Adrazhofen,52852,other_food,08436055
Krefeld-Uerdingen,8747,other_further,05114000
Gmund am Tegernsee,9654,other_paper,09182116
Biberach an der Riss,27638,chem_other,08426021
Bergen-Hohne,13831,other_further,03351004
Rostock,6479,other_further,13003000
Herrenberg-Haslach,3332,miner_glas,08115021
Wachau OT Leppersdorf,127694,other_food,14625600
Wiefelstede-Dringenburg,20583,other_food,03451008
Lutherstadt Wittenberg,30145,chem_ammonia,15091375
Lutherstadt Wittenberg,1343076,chem_ammonia,15091375
Lutherstadt Wittenberg,1249030,chem_ammonia,15091375
Lutherstadt Wittenberg,36520,chem_basic,15091375
Krefeld-Uerdingen,1379,chem_basic,05114000
Töging am Inn,41685,metal_nonfe,09171132
Stadt Seeland,117641,metal_nonfe,15089307
Stadt Seeland,11045,metal_nonfe,15089307
Deißlingen/Lauffen,21634,miner_chalk,08125056
Wünschendorf,112942,miner_chalk,16076084
München,20737,other_further,09162000
München,1865,other_further,09162000
München,272,other_further,09162000
München,1928,other_further,09162000
München,0,other_further,09162000
München,1,other_further,09162000
Greiz,0,other_paper,16076022
Caaschwitz,69603,miner_chalk,16076012
Rosenthal am Rennsteig,53521,other_paper,16075004
Burg,6,other_paper,15086015
Jena,17782,miner_glas,16053000
Eisenberg,40512,metal_nonfe,07333019
Unterwellenborn,43091,metal_steel_secondary,16073111
Unterwellenborn,62159,metal_steel_secondary,16073111
Rudolstadt,0,other_paper,16073076
Piesau,22711,miner_glas,16073066
Piesau,0,miner_glas,16073066
Neuhaus am Rennweg,4386,miner_glas,16072013
Lauscha,18496,miner_glas,16072011
Hamm,15441,chem_basic,05915000
Großbreitenbach,45036,miner_glas,16070025
Böhlen,1139854,chem_basic,14729040
Böhlen,36383,chem_basic,14729040
Böhlen,94128,chem_basic,14729040
Böhlen,10051,chem_basic,14729040
Böhlen,96753,chem_basic,14729040
Böhlen,0,chem_basic,14729040
Böhlen,22813,miner_chalk,14729040
Schleusingen,46413,miner_glas,16069043
Schmalkalden,4939,other_paper,16066063
Schmalkalden,3340,other_paper,16066063
Schmalkalden,10318,other_paper,16066063
Großengottern,25672,miner_ceram,16064018
Unterbreizbach,16622,chem_ammonia,16063078
Unterbreizbach,117530,chem_ammonia,16063078
Bleicherode,42403,chem_ammonia,16062002
Nordhausen,5052,miner_ceram,16062041
Teistungen,2863,miner_ceram,16061114
Deuna,1010775,miner_cement,16061022
Berlin,6542,other_further,11000000
Berlin,7304,other_food,11000000
Berlin,10184,other_further,11000000
Berlin,20620,other_further,11000000
Berlin,41353,chem_other,11000000
Berlin,6332,other_further,11000000
Magdeburg,939,other_further,15003000
Halle,36834,other_further,05754012
Witten,30561,metal_steel_secondary,05954036
Witten,27194,metal_steel_secondary,05954036
Witten,27048,chem_basic,05954036
Witten,5771,metal_steel_secondary,05954036
Bernburg,683600,miner_cement,15089030
Bernburg,30554,miner_glas,15089030
Bernburg,191795,chem_basic,15089030
Zahna,4509,miner_ceram,15091391
Bad Schmiedeberg,19495,miner_ceram,15091020
Lichterfeld,7268,miner_ceram,12062293
Arneburg,79841,other_paper,15090010
Arneburg,22159,other_paper,15090010
Staßfurt,130244,chem_basic,15089310
Nienburg,87867,miner_glas,03256022
Könnern,109999,other_further,15089195
Barby,128976,other_food,15089026
Spergau,14516,other_paper,15088205
Schkopau,39084,chem_basic,15088330
Schkopau,27481,chem_basic,15088330
Schkopau,77657,chem_basic,15088330
Schkopau,9650,chem_basic,15088330
Schkopau,1428,chem_basic,15088330
Schkopau,1,chem_basic,15088330
Schkopau,3941,chem_basic,15088330
Leuna,29,chem_basic,15088205
Leuna,419819,chem_basic,15088205
Leuna,296015,chem_basic,15088205
Leuna,7919,chem_basic,15088205
Leuna,29310,chem_basic,15088205
Leuna,741,chem_basic,15088205
Leuna,371,chem_basic,15088205
Leuna,3852,chem_basic,15088205
Leuna,596,chem_basic,15088205
Leuna,0,chem_basic,15088205
Stolberg,112462,miner_glas,05334032
Stolberg,11568,metal_nonfe,05334032
Stolberg,53599,metal_nonfe,05334032
Hettstedt,9430,metal_nonfe,15087220
Ilsenburg,88727,metal_steel_secondary,15085190
Zeitz,283017,other_further,15084590
Zeitz,437605,chem_basic,15084590
Karsdorf,903374,miner_cement,15084250
Elsteraue,85998,chem_basic,15084130
Pirk,22784,other_further,09374146
Zielitz,146292,chem_ammonia,15083580
Zielitz,61454,chem_ammonia,15083580
Worms,69134,chem_other,07319000
Worms,211314,chem_basic,07319000
Worms,438,chem_basic,07319000
Worms,80084,chem_basic,07319000
Wefensleben,30076,miner_ceram,15083535
Oschersleben,4091,other_food,15083415
Haldensleben,124544,miner_glas,15083270
Flechtingen,64080,miner_glas,15083230
Emden,20774,other_further,03402000
Zörbig,31183,chem_basic,15082440
Lage,45700,other_further,05766040
Gardelegen,35942,miner_glas,15081135
Torgau,111514,miner_glas,14730310
Rackwitz,19125,metal_nonfe,14730250
Oschatz,10052,miner_glas,14730230
Eilenburg,167456,other_paper,14730110
Delitzsch,20874,miner_glas,14730070
Wurzen,47643,miner_glas,14729410
Trebsen,49188,other_paper,14729400
Narsdorf,7870,miner_ceram,14729150
Leipzig,36807,other_further,14713000
Königstein,11170,other_paper,14628210
Heidenau,29521,other_paper,14628160
Freital,15879,metal_steel_secondary,14628110
Freital,16742,metal_steel_secondary,14628110
Freital,20722,miner_ceram,14628110
Freital,13,other_paper,14628110
Zeithain,30835,other_further,14627360
Riesa,43307,metal_steel_secondary,14627230
Riesa,28126,other_further,14627230
Nünchritz,67426,chem_basic,14627190
Meißen,8365,miner_ceram,14627140
Gröditz,11907,metal_steel_secondary,14627050
Gröditz,47158,other_further,14627050
Gröditz,10864,other_further,14627050
Glaubitz,8936,metal_steel_secondary,14627040
Weißwasser,19021,miner_glas,14626600
Vierkirchen,12338,miner_ceram,14626570
Malsch,39563,miner_ceram,08215046
Malsch,4892,miner_ceram,08215046
Malschwitz,15387,miner_ceram,14625340
Bernsdorf,14174,miner_glas,14625030
Dresden,11875,miner_glas,14612000
Zwickau,20488,miner_ceram,14524330
Zwickau,40103,other_further,14524330
St. Egidien,101348,miner_glas,14524280
Weißenborn/Erzgeb.,0,other_paper,14522590
Weißenborn/Erzgeb.,87645,other_paper,14522590
Penig,26882,miner_ceram,14522460
Penig,15039,other_paper,14522460
Lunzenau,2060,other_paper,14522350
Leisnig,30889,miner_ceram,14522310
Kriebstein,17793,other_paper,14522300
Freiberg,93915,metal_nonfe,14522180
Thalheim,122437,miner_glas,14521620
Thalheim,2498,other_paper,14521620
Schwarzenberg,21310,other_paper,14521550
Grünhainichen,13756,other_paper,14521270
Annaberg-Buchholz,2021,other_paper,14521020
Lübz,23203,miner_glas,13076089
Karstädt,17859,miner_ceram,12070173
Herzberg,91516,other_paper,03159019
Hagen,23687,metal_steel_secondary,05914000
Hagen,104810,other_further,05914000
Hagen,26106,miner_ceram,05914000
Hagen,103300,other_paper,05914000
Anklam,82789,other_further,13075005
Wismar,4579,chem_basic,13074087
Neuburg,72946,miner_glas,09185149
Marl,142146,chem_other,05562024
Marl,219853,chem_basic,05562024
Marl,20943,chem_basic,05562024
Marl,172946,chem_basic,05562024
Marl,52073,chem_basic,05562024
Marl,0,chem_basic,05562024
Marl,99,chem_basic,05562024
Marl,64559,chem_basic,05562024
Marl,838,chem_basic,05562024
Marl,330,chem_basic,05562024
Marl,26200,chem_basic,05562024
Marl,0,chem_basic,05562024
Marl,8380,chem_basic,05562024
Marl,3451,chem_basic,05562024
Altenkirchen,4329,other_paper,07336004
Poppendorf,163475,chem_ammonia,13072081
Malchin,8453,other_food,13071092
Schwedt,51629,other_paper,12073532
Schwedt,0,other_paper,12073532
Ludwigsfelde,3618,other_further,12072240
Blankenfelde-Mahlow,19019,other_further,12072017
Tschernitz,38803,miner_glas,12071392
Spremberg,1714,other_paper,12071372
Spremberg,1641,other_further,12071372
Spremberg,34345,miner_chalk,12071372
Peitz,21025,miner_chalk,12071304
Guben,0,chem_basic,12071160
Drebkau,47509,miner_glas,12071057
Kyritz,16674,other_food,12068264
Eisenhüttenstadt,1446767,metal_steel_primary,12067120
Eisenhüttenstadt,47793,metal_steel_primary,12067120
Eisenhüttenstadt,125250,metal_steel_primary,12067120
Eisenhüttenstadt,24831,metal_steel_primary,12067120
Eisenhüttenstadt,153036,miner_chalk,12067120
Eisenhüttenstadt,9,other_paper,12067120
Vetschau,27097,miner_ceram,12066320
Tettau,46679,miner_glas,09476179
Calau,15753,miner_ceram,12066052
Hennigsdorf,61071,metal_steel_secondary,12065136
Hennigsdorf,32017,metal_steel_secondary,12065136
Rüdersdorf,1140546,miner_cement,12064428
Rüdersdorf,199807,miner_chalk,12064428
Petershagen,13492,miner_ceram,05770028
Neuenhagen,39660,miner_glas,12064336
Brieselang,41991,miner_chalk,12063036
Schönborn,6035,miner_glas,12062453
Frankfurt,0,chem_basic,06412000
Brandenburg,104296,metal_steel_secondary,12000000
Brandenburg,65383,metal_steel_secondary,12000000
Homburg,22973,other_food,10045114
Homburg,49999,other_further,10045114
Bous,23385,metal_steel_secondary,10044122
Dillingen,4683105,metal_steel_primary,10044111
Dillingen,253457,metal_steel_primary,10044111
Dillingen,68804,other_further,10044111
Dillingen,8176,other_further,10044111
Dillingen,147462,metal_steel_primary,10044111
Dillingen,875915,metal_steel_primary,10044111
Dillingen,48081,metal_nonfe,10044111
Merzig,25275,miner_ceram,10042113
Völklingen,277265,metal_steel_primary,10041519
Völklingen,6087,metal_steel_primary,10041519
Völklingen,164456,metal_steel_primary,10041519
Völklingen,80932,metal_steel_primary,10041519
Völklingen,59383,other_further,10041519
Völklingen,58862,metal_steel_primary,10041519
Völklingen,336,other_further,10041519
Völklingen,23641,metal_steel_primary,10041519
Saarbrücken,39441,metal_nonfe,10041100
Saarbrücken,72500,metal_nonfe,10041100
Saarbrücken,9456,other_further,10041100
Lauben,26317,other_food,09778163
Buchen,8496,miner_ceram,08225014
Rain,79651,other_further,09278177
Münster,26277,other_further,05515000
Münster,12939,chem_other,05515000
Münster,15338,miner_glas,05515000
Harburg,645496,miner_cement,09779155
Harburg,167821,miner_chalk,09779155
Ehingen,39334,other_paper,08425033
Donauwörth,15813,miner_ceram,09779131
Donauwörth,4860,other_further,09779131
Ettringen,97965,other_paper,09778137
Ettringen,0,other_paper,09778137
Babenhausen,43276,miner_ceram,09778115
Amberg,28621,metal_nonfe,09371000
Amberg,12072,miner_glas,09371000
Halblech,8022,other_paper,09777173
Günzach,721,other_paper,09777138
Günzach,25941,other_paper,09777138
Vöhringen,7743,metal_nonfe,09775162
Bellenberg,26937,miner_ceram,09775115
Balzhausen,27534,miner_ceram,09774115
Wertingen,8605,miner_ceram,09773182
Schwabmünchen,5593,miner_ceram,09772200
Schwabmünchen,4603,miner_ceram,09772200
Meitingen,170339,metal_steel_secondary,09772177
Gersthofen,9448,miner_ceram,09772147
Augsburg,10175,miner_glas,09761000
Augsburg,5408,miner_glas,09761000
Augsburg,67406,other_paper,09761000
Augsburg,1535,other_further,09761000
Augsburg,667,other_further,09761000
Augsburg,17173,other_further,09761000
Aichach,22337,miner_ceram,09771113
Kaufbeuren,27850,other_paper,09762000
Ochsenfurt,144993,other_further,09679170
Lohr,60223,miner_glas,09677155
Triefenstein,728759,miner_cement,09677154
Karlstadt,613356,miner_cement,09677148
Wörth,25,other_paper,07334501
Wörth,17885,other_further,07334501
Wörth,25899,other_further,07334501
Miltenberg,18754,other_paper,09676139
Amorbach,25442,miner_glas,09676112
Amorbach,26309,miner_glas,09676112
Schwarzach,11674,miner_ceram,09278187
Kitzingen,49101,metal_nonfe,09675141
Iphofen,59694,miner_chalk,09675139
Eltmann,22040,other_paper,09674133
Unsleben,16880,miner_ceram,09673175
Stockstadt,312930,other_paper,09671155
Stockstadt,19103,other_paper,09671155
Alzenau,10858,miner_ceram,09671111
Aschaffenburg,0,other_paper,09661000
Solnhofen,291754,miner_cement,09577168
Heidenheim,537952,miner_cement,08135000
Neuhof,23744,chem_ammonia,06631018
Neuhof,24088,chem_ammonia,06631018
Nürnberg,49967,other_further,09564000
Nürnberg,15720,other_further,09564000
Nürnberg,335,other_further,09564000
Nürnberg,1455,other_further,09564000
Langenzenn,9789,miner_ceram,09573120
Langenzenn,18384,miner_ceram,09573120
Steinsfeld,25856,miner_chalk,09571205
Ansbach,20891,miner_ceram,09561000
Wunsiedel,18965,miner_glas,09479169
Schirnding,6753,miner_ceram,09479147
Kasendorf,3504,miner_chalk,09477124
Kasendorf,50220,miner_chalk,09477124
Hallerndorf,59284,miner_glas,09474133
Stade,357,chem_basic,03359038
Stade,3953,chem_basic,03359038
Stade,398536,metal_nonfe,03359038
Stade,18481,chem_basic,03359038
Stade,830,chem_basic,03359000
Stade,0,chem_basic,03359000
Stade,0,chem_basic,03359000
Stade,0,chem_basic,03359000
Recke,13138,miner_ceram,05566072
Hallstadt,35719,other_further,09471140
Mitterteich,108621,miner_glas,09377141
Schwarzenfeld,24034,miner_ceram,09376163
Burglengenfeld,720751,miner_cement,09376119
Sünching,16927,other_food,09375201
Regensburg,166483,miner_chalk,09362000
Regensburg,19919,other_further,09362000
Weiherhammer,212286,miner_glas,09374166
Lauterhofen,50915,miner_chalk,09373140
Rötz,17296,miner_ceram,09372154
Vilseck,14846,miner_ceram,09371156
Sulzbach-Rosenberg,14088,other_further,09371151
Sulzbach-Rosenberg,28871,other_further,09371151
Hirschau,22099,other_further,09371127
Weiden i.d.OPf.,14849,miner_glas,09363000
Marklkofen,9286,miner_ceram,09279126
Marklkofen,5000,miner_ceram,09279126
Marklkofen,7092,miner_ceram,09279126
Marklkofen,4243,miner_ceram,09279126
Marklkofen,5300,miner_ceram,09279126
Dingolfing,7771,other_further,09279112
Dingolfing,74546,other_further,09279112
Dingolfing,18905,other_further,09279112
Bogen,9011,miner_ceram,09278118
Straubing,14491,miner_ceram,09263000
Straubing,19987,other_food,09263000
Zeilarn,51111,miner_ceram,09277154
Zwiesel,28523,miner_glas,09276148
Frauenau,5506,miner_glas,09276121
Pocking,123078,chem_basic,09275141
Essen,121540,miner_glas,05113000
Essen,53767,miner_glas,05113000
Essen,11687,chem_basic,05113000
Essen,258829,metal_nonfe,05113000
Essen,37010,metal_nonfe,05113000
Landshut,32120,metal_nonfe,09261000
Siegen,17376,metal_steel_secondary,05970040
Siegen,61997,metal_steel_secondary,05970040
Siegen,15774,other_further,05970040
Siegen,58681,metal_steel_secondary,05970040
Painten,21852,miner_chalk,09273159
Kelheim,139462,chem_other,09273137
Grafenau,3058,miner_glas,09272120
Grafenau,40052,miner_glas,09272120
Plattling,125572,other_further,09271146
Plattling,16053,other_paper,09271146
Plattling,44599,other_paper,09271146
Plattling,254104,other_paper,09271146
Schongau,949,other_paper,09190148
Polling,13522,other_food,09372174
Penzberg,15156,chem_other,09190141
Oberhausen,180060,chem_basic,05119000
Oberhausen,6777,miner_glas,05119000
Oberhausen,220,other_further,05119000
Oberhausen,761,other_further,05119000
Oberhausen,54155,chem_basic,05119000
Oberhausen,0,chem_basic,05119000
Oberhausen,0,chem_basic,05119000
Oberhausen,0,chem_basic,05119000
Oberhausen,0,chem_basic,05119000
Oberhausen,0,chem_basic,05119000
Oberhausen,0,chem_basic,05119000
Oberhausen,70,chem_basic,05119000
Trostberg,47760,other_paper,09189157
Rohrdorf,806571,miner_cement,09187169
Feldkirchen-Westerham,9726,other_paper,09187130
Bruckmühl,7283,other_paper,09187122
Münchsmünster,394639,chem_basic,09186139
Münchsmünster,1785,chem_basic,09186139
Münchsmünster,3209,other_further,09186139
Manching,5125,other_further,09186137
Baar-Ebenhausen,3040,other_paper,09186113
Schrobenhausen,80196,other_paper,09185158
Bergheim,227956,chem_basic,05362008
Pullach,21927,chem_basic,09184139
Garching,28737,other_further,09184119
Oberbergkirchen,5403,miner_ceram,09183132
Wolfersdorf,7034,miner_ceram,09178156
Isen,19895,miner_ceram,09177123
Bockhorn,4475,miner_ceram,03455025
Pförring,8067,miner_ceram,09176153
Kipfenberg,32700,miner_glas,09176138
Eitensheim,3972,miner_ceram,09176124
Dachau,25421,miner_ceram,09174000
Dachau,2745,miner_ceram,09174115
Burgkirchen,0,chem_basic,09171113
Burgkirchen,40343,chem_basic,09171113
Burgkirchen,8,chem_basic,09171113
Burgkirchen,68196,chem_basic,09171113
Burgkirchen,0,chem_basic,09171113
Burghausen,9257,chem_basic,09171112
Burghausen,51424,chem_basic,09171112
Burghausen,18637,chem_basic,09171112
Burghausen,16590,chem_basic,09171112
Burghausen,39,chem_basic,09171112
Burghausen,11,chem_basic,09171112
Ingolstadt,41312,other_further,09161000
Ingolstadt,36397,other_further,09161000
Bad Wurzach,109977,miner_glas,08436010
Friedrichshafen,11945,other_further,08435016
Friedrichshafen,2188,other_further,08435016
Friedrichshafen,7531,other_further,08435016
Friedrichshafen,11467,other_further,08435016
Dettingen,5433,other_paper,08415014
Blaustein,148774,miner_chalk,08425141
Schelklingen,781483,miner_cement,08425108
Allmendingen,642521,miner_cement,08425002
Geislingen,10491,other_further,08417022
Dotternhausen,500359,miner_cement,08417016
Dotternhausen,207622,miner_cement,08417016
Reutlingen,2243,other_further,08415061
Bonn,33393,miner_glas,05314000
Bonn,20767,other_further,05314000
Rheinfelden,81455,chem_basic,08336069
Efringen-Kirchen,179910,miner_chalk,08336014
Singen,111960,metal_nonfe,08335075
Singen,4076,other_further,08335075
Singen,37212,metal_nonfe,08335075
Singen,1976,metal_nonfe,08335075
Offenburg,19565,other_further,08317096
Oberkirch,4619,other_paper,08317089
Oberkirch,140262,other_paper,08317089
Kehl,112515,metal_steel_secondary,08317057
Kehl,66856,metal_steel_secondary,08317057
Kehl,27448,other_paper,08317057
Kappelrodeck,19003,other_paper,08317056
Titisee-Neustadt,33666,other_paper,08315113
Merdingen,43294,miner_chalk,08315072
Freiburg,70374,other_further,08311000
Freiburg,12788,chem_basic,08311000
Freiburg,4453,chem_basic,08311000
Baiersbronn,30158,other_paper,08237004
Mühlacker,13345,miner_ceram,08236040
Leimen,530483,miner_cement,08226041
Ladenburg,47007,miner_glas,08226038
Ladenburg,17320,chem_basic,08226038
Eberbach,32619,chem_other,08226013
Brühl,107412,metal_nonfe,05362012
Obrigheim,142764,other_further,07332041
Mannheim,35167,metal_nonfe,08222000
Mannheim,43528,miner_glas,08222000
Mannheim,49433,other_paper,08222000
Mannheim,105846,other_paper,08222000
Mannheim,0,other_paper,08222000
Mannheim,42457,other_paper,08222000
Mannheim,4690,other_further,08222000
Mannheim,35064,chem_basic,08222000
Weisenbach,4759,other_paper,08216059
Rastatt,10881,other_further,08216043
Rastatt,30279,other_further,08216043
Gernsbach,69176,other_paper,08216017
Gernsbach,68387,other_paper,08216017
Gernsbach,62385,other_paper,08216017
Gaggenau,25036,other_further,08216015
Bietigheim,3657,other_further,08216005
Walzbachtal,489071,miner_cement,08215089
Karlsruhe,100542,other_paper,08215000
Aalen,135876,other_paper,08136088
Aalen,52325,other_paper,08136088
Steinheim,14548,miner_ceram,05762032
Wertheim,1473,miner_glas,08128131
Rosengarten,4516,other_paper,08127100
Roigheim,3162,other_paper,08125084
Offenau,76837,other_further,08125079
Neckarsulm,1298,other_further,08125065
Möckmühl,6642,other_paper,08125063
Bad Friedrichshall,24296,other_further,08125005
Bönnigheim,7920,miner_ceram,08118010
Lenningen,2471,other_paper,08116079
Deizisau,18611,metal_nonfe,08116014
Sindelfingen,256466,other_further,08115045
Ingelheim,28139,chem_other,07339030
Mainz,37600,miner_glas,07315000
Mainz,1933,miner_glas,07315000
Mainz,6648,other_paper,07315000
Mainz,53679,other_food,07315000
Mainz,19732,chem_basic,07315000
Mainz,0,chem_basic,07315000
Lingen,41784,metal_steel_secondary,03454032
Lingen,0,chem_basic,03454032
Germersheim,108840,miner_glas,07334007
Göllheim,674629,miner_cement,07333026
Neidenfels,31814,other_paper,07332037
Bad Dürkheim,60,other_paper,07332000
Bad Dürkheim,670,other_paper,07332000
Wöllstein,27631,miner_ceram,07331072
Speyer,56719,miner_glas,07318000
Ludwigshafen,230936,chem_basic,07314000
Ludwigshafen,563633,chem_basic,07314000
Ludwigshafen am Rhein,29340,miner_glas,07314000
Ludwigshafen,5993,miner_ceram,07314000
Ludwigshafen,19585,miner_ceram,07314000
Ludwigshafen,23,chem_basic,07314000
Ludwigshafen,25171,chem_other,07314000
Ludwigshafen,427939,chem_basic,07314000
Ludwigshafen,186727,chem_basic,07314000
Ludwigshafen,1202453,chem_basic,07314000
Ludwigshafen,35779,chem_basic,07314000
Ludwigshafen,1696921,chem_basic,07314000
Ludwigshafen,363,chem_basic,07314000
Ludwigshafen,59265,chem_basic,07314000
Ludwigshafen,162326,chem_basic,07314000
Ludwigshafen,210055,chem_basic,07314000
Ludwigshafen,10833,chem_basic,07314000
Ludwigshafen,371196,chem_ammonia,07314000
Ludwigshafen,0,chem_ammonia,07314000
Ludwigshafen,0,chem_ammonia,07314000
Ludwigshafen,714373,chem_ammonia,07314000
Ludwigshafen,688398,chem_ammonia,07314000
Ludwigshafen,24396,chem_basic,07314000
Ludwigshafen,112045,chem_basic,07314000
Ludwigshafen,0,chem_basic,07314000
Ludwigshafen,457,chem_basic,07314000
Ludwigshafen,21681,chem_basic,07314000
Ludwigshafen,45775,chem_basic,07314000
Ludwigshafen,74257,chem_basic,07314000
Ludwigshafen,945,chem_basic,07314000
Ludwigshafen,74,chem_basic,07314000
Ludwigshafen,2810,chem_basic,07314000
Ludwigshafen,339,chem_basic,07314000
Ludwigshafen,770,chem_basic,07314000
Ludwigshafen,29608,chem_basic,07314000
Ludwigshafen,104820,chem_basic,07314000
Ludwigshafen,574,chem_basic,07314000
Ludwigshafen,502,chem_basic,07314000
Ludwigshafen,88105,chem_basic,07314000
Ludwigshafen,72658,chem_basic,07314000
Ludwigshafen,5914,chem_basic,07314000
Ludwigshafen,0,chem_basic,07314000
Ludwigshafen,0,chem_basic,07314000
Ludwigshafen,6361,chem_basic,07314000
Ludwigshafen,1459,chem_basic,07314000
Ludwigshafen,2774,chem_basic,07314000
Ludwigshafen,9292,chem_basic,07314000
Ludwigshafen,2516,chem_basic,07314000
Ludwigshafen,1709,chem_basic,07314000
Ludwigshafen,3182,chem_basic,07314000
Ludwigshafen,8466,chem_basic,07314000
Ludwigshafen,2377,chem_basic,07314000
Ludwigshafen,67912,chem_basic,07314000
Ludwigshafen,769,chem_basic,07314000
Trier,16748,metal_steel_secondary,07211000
Üxheim,152998,miner_cement,07233076
Üxheim,54319,miner_chalk,07233076
Pelm,274,miner_chalk,07233056
Pronsfeld,26910,other_food,07232295
Minden,0,other_paper,05770024
Minden,11319,chem_other,05770024
Bitburg,18213,other_food,07232018
Unna,22445,metal_steel_secondary,05978036
Wirges,72154,miner_glas,07143081
Staudt,12300,miner_ceram,07143073
Ransbach-Baumbach,9638,miner_ceram,07143062
Ransbach-Baumbach,9327,miner_ceram,07143062
Ransbach-Baumbach,13158,miner_ceram,07143062
Höhr-Grenzhausen,11122,miner_ceram,07143032
Bannberscheid,11539,miner_ceram,07143003
Lahnstein,9302,other_paper,07141075
Hahnstätten,311796,miner_chalk,07141051
Raubach,23564,other_paper,07138059
Bad Hönningen,133135,chem_basic,07138004
Mayen,218196,other_paper,07137068
Mayen,0,other_paper,07137068
Kruft,7294,miner_ceram,07137057
Andernach,62238,metal_steel_secondary,07137003
Langenlonsheim,5214,other_paper,07133054
Bad Kreuznach,10098,other_paper,07133006
Bad Kreuznach,46700,other_further,07133006
Sinzig,28540,miner_ceram,07131077
Koblenz,13826,other_paper,07111000
Koblenz,34981,metal_nonfe,07111000
Koblenz,24239,metal_nonfe,07111000
Witzenhausen,9565,other_paper,06636016
Witzenhausen,0,other_paper,06636016
Witzenhausen,11172,other_paper,06636016
Wabern,42092,other_further,06634025
Fulda,176651,other_paper,06631009
Kassel,16309,other_further,06611000
Großenlüder,135031,miner_cement,06631011
Großenlüder,70520,miner_chalk,06631011
Stadtallendorf,221079,metal_nonfe,06534018
Breidenbach,48767,metal_nonfe,06534005
Runkel,289205,miner_chalk,06533013
Wetzlar,40506,metal_steel_secondary,06532023
Wetzlar,20675,metal_steel_secondary,06532023
Wetzlar,27324,metal_nonfe,06532023
Wetzlar,28785,metal_steel_secondary,06532023
Wetzlar,50015,metal_steel_secondary,06532023
Dillenburg,27083,metal_steel_secondary,06532006
Dillenburg,3796,miner_glas,06532006
Staufenberg,15554,miner_ceram,06531017
Lollar,26050,metal_nonfe,06531013
Hainburg,9091,miner_ceram,06438004
Hanau,23326,other_further,06435014
Weiterstadt,12348,other_further,06432023
Mühltal,18,other_paper,06432014
Lampertheim,36137,chem_basic,06431013
Wiesbaden,200858,miner_cement,06414000
Frankfurt am Main,508,chem_basic,06412000
Frankfurt am Main,28540,chem_basic,06412000
Frankfurt am Main,135,chem_basic,06412000
Frankfurt am Main,30172,chem_basic,06412000
Schwerte,9957,metal_steel_secondary,05978028
Schwerte,51976,metal_nonfe,05978028
Lünen,55423,miner_glas,05978024
Lünen,166918,metal_nonfe,05978024
Bergkamen,37475,chem_other,05978004
Warstein,147823,miner_chalk,05974044
Warstein,13319,other_food,05974044
Geseke,671875,miner_cement,05974020
Geseke,248797,miner_cement,05974020
Erwitte,547640,miner_cement,05974016
Erwitte,369376,miner_cement,05974016
Erwitte,569624,miner_cement,05974016
Erwitte,337898,miner_cement,05974016
Erwitte,121802,miner_chalk,05974016
Kreuztal,19673,metal_steel_secondary,05970024
Kreuztal,24274,metal_steel_secondary,05970024
Kreuztal,15911,other_food,05970024
Kreuztal,10368,other_food,05970024
Lennestadt,51979,miner_chalk,05966020
Kirchhundem,13309,other_paper,05966016
Finnentrop,25802,metal_steel_secondary,05966012
Menden,838146,miner_chalk,05962040
Menden,0,other_paper,05962040
Meinerzhagen,12531,metal_nonfe,05962036
Sundern,2994,other_paper,05958044
Meschede,35829,metal_nonfe,05958032
Marsberg,21442,miner_glas,05958024
Brilon,69237,miner_chalk,05958012
Arnsberg,193574,other_paper,05958004
Arnsberg,58241,chem_basic,05958004
Schwelm,2626,other_paper,05954024
Hattingen,3471,metal_steel_secondary,05954016
Herne,62751,chem_basic,05916000
Herne,19943,chem_basic,05916000
Herne,117601,chem_basic,05916000
Dortmund,21599,metal_steel_secondary,05913000
Dortmund,45911,metal_steel_secondary,05913000
Dortmund,303620,chem_basic,05913000
Dortmund,6977,metal_steel_secondary,05913000
Bochum,16169,other_further,05911000
Bochum,22456,metal_steel_secondary,05911000
Bochum,18386,metal_steel_secondary,05911000
Bochum,178763,metal_steel_secondary,05911000
Bochum,19354,miner_ceram,05911000
Bochum,8989,metal_steel_secondary,05911000
Paderborn,27680,other_further,05774032
Paderborn,260421,miner_cement,05774032
Paderborn,9499,other_food,05774032
Paderborn,10550,other_food,05774032
Rahden,27275,metal_nonfe,05770040
Rahden,9989,miner_ceram,05770040
Hüllhorst,6300,miner_ceram,05770016
Kalletal,18330,miner_ceram,05766036
Warburg,34096,other_further,05762036
Brake,16513,other_food,03461002
Löhne,3544,miner_ceram,05758024
Bielefeld,11126,other_paper,05711000
Ennigerloh,492589,miner_cement,05570020
Beckum,512958,miner_cement,05570008
Beckum,271457,miner_cement,05570008
Rheine,25219,miner_chalk,05566076
Lienen,152410,miner_chalk,05566044
Lengerich,341770,miner_cement,05566040
Lengerich,682301,miner_cement,05566040
Ibbenbüren,51613,other_food,05566028
Hörstel,6302,miner_ceram,05566016
Haltern am See,18289,other_further,05562016
Gladbeck,149033,miner_glas,05562014
Gladbeck,96639,miner_glas,05562014
Gladbeck,82387,miner_glas,05562014
Gladbeck,6705,chem_basic,05562014
Castrop-Rauxel,136773,chem_basic,05562004
Nottuln,17751,miner_ceram,05558032
Billerbeck,20091,other_further,05558008
Vreden,33062,other_paper,05554068
Stadtlohn,3635,miner_ceram,05554056
Reken,13389,other_further,05554044
Gelsenkirchen,29085,metal_steel_secondary,05513000
Gelsenkirchen,40355,other_paper,05513000
Gelsenkirchen,10916,miner_glas,05513000
Gelsenkirchen,19379,chem_basic,05513000
Gelsenkirchen,25409,miner_chalk,05513000
Bottrop,396389,metal_steel_secondary,05512000
Bottrop,34836,metal_steel_secondary,05512000
Troisdorf,20893,metal_steel_secondary,05382068
Niederkassel,32188,chem_basic,05382044
Königswinter,11790,miner_ceram,05382024
Bergisch Gladbach,45491,miner_glas,05378004
Bergisch Gladbach,125111,other_paper,05378004
Wegberg,8302,miner_glas,05370040
Heinsberg,34464,chem_other,05370016
Zülpich,220194,other_paper,05366044
Euskirchen,88667,other_further,05366016
Euskirchen,9329,other_paper,05366016
Wesseling,384601,chem_basic,05362040
Wesseling,732685,chem_basic,05362040
Wesseling,191702,chem_basic,05362040
Wesseling,666491,chem_basic,05362040
Wesseling,28646,chem_basic,05362040
Wesseling,59723,chem_basic,05362040
Wesseling,2057,chem_basic,05362040
Wesseling,203203,chem_basic,05362040
Wesseling,44467,chem_basic,05362040
Wesseling,108,chem_basic,05362040
Wesseling,417,chem_basic,05362040
Wesseling,1836,chem_basic,05362040
Wesseling,56974,chem_basic,05362040
Wesseling,0,chem_basic,05362040
Wesseling,0,chem_basic,05362040
Wesseling,0,chem_basic,05362040
Wesseling,93124,chem_basic,05362040
Wesseling,99,chem_basic,05362040
Hürth,1,other_paper,05362028
Hürth,8957,chem_basic,05362028
Hürth,29971,chem_basic,05362028
Hürth,8411,chem_basic,05362028
Hürth,231,chem_basic,05362028
Hürth,90,chem_basic,05362028
Frechen,5229,miner_ceram,05362024
Kreuzau,117341,other_paper,05358028
Kreuzau,91564,other_paper,05358028
Jülich,180683,other_further,05358024
Düren,17239,miner_glas,05358008
Düren,7453,other_paper,05358008
Düren,12518,other_paper,05358008
Düren,19981,other_paper,05358008
Düren,188795,other_paper,05358008
Düren,0,other_paper,05358008
Herzogenrath,76491,miner_glas,05334016
Aachen,19390,other_food,05334002
Leverkusen,191311,chem_basic,05316000
Leverkusen,35216,chem_basic,05316000
Leverkusen,69,chem_basic,05316000
Leverkusen,9762,chem_basic,05316000
Leverkusen,4736,chem_basic,05316000
Leverkusen,11,chem_basic,05316000
Köln,780579,chem_basic,05315000
Köln,787336,chem_basic,05315000
Köln,46134,chem_basic,05315000
Köln,3131,chem_basic,05315000
Köln,267783,chem_basic,05315000
Köln,774581,chem_basic,05315000
Köln,2872,other_further,05315000
Köln,16946,other_further,05315000
Köln,28628,chem_other,05315000
Köln,24985,chem_basic,05315000
Köln,597789,chem_ammonia,05315000
Köln,0,chem_basic,05315000
Köln,0,chem_basic,05315000
Köln,530,chem_basic,05315000
Köln,18828,chem_basic,05315000
Köln,3215,chem_basic,05315000
Köln,6477,chem_basic,05315000
Köln,0,chem_basic,05315000
Köln,0,chem_basic,05315000
Köln,0,chem_basic,05315000
Köln,0,chem_basic,05315000
Köln,0,chem_basic,05315000
Köln,0,chem_basic,05315000
Köln,0,chem_basic,05315000
Köln,0,chem_basic,05315000
Köln,10,chem_basic,05315000
Köln,20,chem_basic,05315000
Voerde,148836,metal_nonfe,05170044
Voerde,21093,metal_nonfe,05170044
Voerde,22145,metal_nonfe,05170044
Schermbeck,8856,miner_ceram,05170036
Rheinberg,20457,chem_basic,05170032
Rheinberg,3093,chem_basic,05170032
Rheinberg,0,chem_basic,05170032
Rheinberg,0,chem_basic,05170032
Rheinberg,149295,chem_basic,05170032
Moers,81279,chem_basic,05170024
Moers,0,chem_basic,05170024
Moers,159662,chem_basic,05170024
Moers,8689,chem_basic,05170024
Dinslaken,46157,other_further,05170008
Brüggen,6401,miner_ceram,05166004
Brüggen,13244,miner_ceram,05166004
Neuss,35467,other_paper,05162024
Neuss,111322,other_paper,05162024
Neuss,39170,other_food,05162024
Neuss,273938,metal_nonfe,05162024
Neuss,37513,metal_nonfe,05162024
Neuss,270056,metal_nonfe,05162024
Neuss,40191,metal_nonfe,05162024
Grevenbroich,17212,metal_nonfe,05162008
Grevenbroich,58781,miner_glas,05162008
Grevenbroich,17816,metal_nonfe,05162008
Grevenbroich,6720,metal_nonfe,05162008
Grevenbroich,20445,metal_nonfe,05162008
Dormagen,35074,chem_basic,05162004
Dormagen,5418,chem_basic,05162004
Dormagen,38106,chem_basic,05162004
Dormagen,5579,chem_basic,05162004
Dormagen,0,chem_basic,05162004
Wülfrath,1941442,miner_chalk,05158036
Wülfrath,20177,other_further,05158036
Mettmann,98610,metal_nonfe,05158024
Erkrath,23380,other_further,05158004
Issum,3690,other_food,05154020
Emmerich,12854,miner_ceram,05154008
Emmerich am Rhein,43315,chem_basic,05154008
Emmerich am Rhein,2151,chem_basic,05154008
Emmerich am Rhein,27544,chem_basic,05154008
Emmerich am Rhein,16060,metal_nonfe,05154008
Wuppertal,243056,miner_chalk,05124000
Wuppertal,41596,chem_other,05124000
Wuppertal,14294,chem_other,05124000
Mülheim an der Ruhr,59001,metal_steel_secondary,05117000
Krefeld,507,metal_steel_secondary,05114000
Krefeld,25758,metal_steel_secondary,05114000
Krefeld,44261,metal_steel_secondary,05114000
Krefeld,66582,chem_basic,05114000
Krefeld,133752,other_further,05114000
Krefeld,47684,other_further,05114000
Krefeld,22156,other_food,05114000
Krefeld,46318,chem_basic,05114000
Krefeld,40491,chem_basic,05114000
Krefeld,57964,chem_basic,05114000
Krefeld,27176,chem_ammonia,05114000
Krefeld,25664,chem_basic,05114000
Krefeld,1,chem_basic,05114000
Krefeld,74203,chem_basic,05114000
Krefeld,8649,chem_basic,05114000
Krefeld,3223,chem_basic,05114000
Krefeld,278,chem_basic,05114000
Krefeld,12724,chem_basic,05114000
Krefeld,10319,chem_basic,05114000
Duisburg,230041,metal_steel_primary,05112000
Duisburg,4899207,metal_steel_primary,05112000
Duisburg,80645,metal_steel_primary,05112000
Duisburg,8336515,metal_steel_primary,05112000
Duisburg,200440,metal_steel_primary,05112000
Duisburg,71299,metal_steel_primary,05112000
Duisburg,46175,metal_steel_primary,05112000
Duisburg,74510,metal_steel_primary,05112000
Duisburg,31951,metal_steel_primary,05112000
Duisburg,390643,metal_steel_primary,05112000
Duisburg,1948081,metal_steel_primary,05112000
Duisburg,3556180,metal_steel_primary,05112000
Duisburg,75830,metal_steel_primary,05112000
Duisburg,33741,chem_basic,05112000
Duisburg,58719,chem_basic,05112000
Duisburg,51127,chem_basic,05112000
Duisburg,9320,chem_basic,05112000
Duisburg,44513,metal_nonfe,05112000
Düsseldorf,18134,other_further,05111000
Düsseldorf,15014,other_further,05111000
Düsseldorf,12760,other_further,05111000
Düsseldorf,49796,other_further,05111000
Düsseldorf,97050,miner_glas,05111000
Düsseldorf,6320,other_paper,05111000
Düsseldorf,364000,chem_other,05111000
Düsseldorf,63818,other_further,05111000
Düsseldorf,34015,other_paper,05111000
Düsseldorf,0,chem_basic,05111000
Düsseldorf,730,chem_basic,05111000
Düsseldorf,1043,chem_basic,05111000
Bremerhaven,29455,miner_ceram,04012000
Bremen,2621007,metal_steel_primary,04011000
Bremen,573530,metal_steel_primary,04011000
Bremen,22843,metal_steel_primary,04011000
Bremen,25557,metal_steel_primary,04011000
Bremen,22479,other_food,04011000
Bremen,2481393,metal_steel_primary,04011000
Bremen,83844,metal_steel_primary,04011000
Bremen,10153,other_further,04011000
Bremen,39191,chem_other,04011000
Neuschoo,2947,miner_ceram,03462011
Nordenham,134886,chem_basic,03461007
Nordenham,54756,metal_nonfe,03461007
Nordenham,8297,metal_nonfe,03461007
Elsfleth,17608,other_paper,03461004
Vechta,13363,miner_ceram,03460009
Nortrup,75693,other_paper,03459028
Georgsmarienhütte,108683,metal_steel_secondary,03459019
Georgsmarienhütte,68594,metal_steel_secondary,03459019
Georgsmarienhütte,2396,metal_steel_secondary,03459019
Bramsche,17715,miner_ceram,03459014
Bad Laer,11958,miner_ceram,03459005
Bad Essen,16851,miner_ceram,03459003
Osnabrück,2672,other_paper,03404000
Osnabrück,111,other_paper,03404000
Osnabrück,27,other_paper,03404000
Osnabrück,2160,other_paper,03404000
Osnabrück,120527,other_paper,03404000
Osnabrück,122863,other_paper,03404000
Osnabrück,18092,metal_nonfe,03404000
Wildeshausen,49600,other_food,03458014
Hude,10637,miner_ceram,03458010
Hude,2167,miner_ceram,03458010
Großenkneten,261189,chem_basic,03458007
Weener,4511,other_paper,03457021
Schüttorf,8043,miner_ceram,03456027
Uelsen,7841,miner_ceram,03456023
Emlichheim,6708,other_food,03456002
Zetel,6868,miner_ceram,03455027
Varel,277893,other_paper,03455026
Salzbergen,39702,other_further,03454045
Haren,15373,other_further,03454018
Dörpen,247307,other_paper,03454008
Löningen,17637,other_food,03453011
Friesoythe,24977,other_further,03453007
Cloppenburg,65342,other_food,03453004
Edewecht,44337,other_food,03451004
Bad Zwischenahn,40652,miner_ceram,03451002
Wilhelmshaven,153194,chem_basic,03405000
Uelzen,160986,other_further,03360025
Munster,11231,other_further,03358016
Zeven,65844,other_food,03357057
Dahlenburg,60968,other_food,03355013
Lachendorf,3535,other_paper,03351016
Lachendorf,79757,other_paper,03351016
Rinteln,47304,miner_glas,03257031
Rinteln,23858,other_food,03257031
Obernkirchen,62546,miner_glas,03257028
Steyerberg,86250,chem_basic,03256030
Hoya,32043,other_paper,03256014
Hoya,106588,other_paper,03256014
Holzminden,44093,miner_glas,03255023
Holzminden,25043,chem_other,03255023
Grünenplan,9573,miner_glas,03255008
Boffzen,30840,miner_glas,03255004
Boffzen,35666,miner_glas,03255004
Delligsen,7823,other_paper,03255008
Nordstemmen,134041,other_further,03254026
Alfeld (Leine),4130,other_paper,03254002
Alfeld (Leine),23314,other_paper,03254002
Alfeld (Leine),83986,other_paper,03254002
Salzhemmendorf,10388,miner_chalk,03252008
Bad Münder,15712,miner_glas,03252002
Lemförde,254,chem_basic,03251023
Lemförde,1599,chem_basic,03251023
Wunstorf,5555,chem_ammonia,03241021
Wunstorf,59622,chem_ammonia,03241021
Sehnde,4513,chem_ammonia,03241016
Seelze,21166,chem_basic,03241015
Hannover,575206,miner_cement,03241001
Hannover,23102,other_further,03241001
Göttingen,12134,miner_ceram,03159016
Göttingen,20984,metal_nonfe,03159016
Duderstadt,981,other_further,03159010
Bovenden,8263,miner_glas,03159007
Bilshausen,26206,miner_ceram,03159005
Schladen,66204,other_further,03158039
Peine,165774,metal_steel_secondary,03157006
Hohenhameln,57209,other_further,03157002
Northeim,27146,other_further,03155011
Northeim,278,other_further,03155011
Katlenburg-Lindau,52001,miner_chalk,03155007
Dassel,7536,miner_ceram,03155003
Bad Gandersheim,6190,miner_glas,03155001
Goslar,51581,metal_nonfe,03153017
Seesen,324305,miner_chalk,03153012
Seesen,18235,miner_chalk,03153012
Langelsheim,28623,chem_basic,03153007
Bad Harzburg,1870,other_paper,03153002
Salzgitter,4359562,metal_steel_primary,03102000
Salzgitter,313238,metal_steel_primary,03102000
Salzgitter,22771,metal_steel_primary,03102000
Salzgitter,27248,metal_steel_primary,03102000
Salzgitter,35079,metal_steel_primary,03102000
Salzgitter,18612,metal_steel_primary,03102000
Salzgitter,23602,other_further,03102000
Salzgitter,44607,other_food,03102000
Salzgitter,3528583,metal_steel_primary,03102000
Braunschweig,31900,other_further,03101000
Hamburg,82889,metal_steel_secondary,02000000
Hamburg,273096,metal_steel_secondary,02000000
Hamburg,44761,metal_steel_secondary,02000000
Hamburg,10809,other_further,02000000
Hamburg,19554,chem_other,02000000
Hamburg,28598,other_food,02000000
Hamburg,214374,other_food,02000000
Hamburg,42880,other_further,02000000
Hamburg,13347,other_food,02000000
Hamburg,20958,other_food,02000000
Hamburg,55215,chem_basic,02000000
Hamburg,252301,metal_nonfe,02000000
Hamburg,36085,metal_nonfe,02000000
Hamburg,35556,metal_nonfe,02000000
Hamburg,17554,metal_nonfe,02000000
Hamburg,165028,metal_nonfe,02000000
Ahrensburg,12731,other_further,01062001
Lägerdorf,1063804,miner_cement,01061061
Glückstadt,7124,other_paper,01061029
Wahlstedt,38221,miner_glas,01060092
Uetersen,63918,other_paper,01056049
Tornesch,27728,other_paper,01056048
Großenbrode,24811,other_food,01055017
Brunsbüttel,29090,chem_basic,01051011
Brunsbüttel,57241,chem_basic,01051011
Brunsbüttel,109033,chem_basic,01051011
Brunsbüttel,182738,chem_basic,01051011
Lübeck,6995,other_further,01003000
Kiel,0,other_further,01002000
Flensburg,33761,other_paper,01001000
